{"cameraMode":{"drawMode":0,"name":"Shaded","section":"Shading Mode"},"sceneLighting":true,"audioPlay":false,"sceneViewState":{"showFog":true,"showMaterialUpdate":false,"showSkybox":true,"showFlares":true,"showImageEffects":true,"showParticleSystems":true},"in2DMode":false,"pivot":{"x":27.606698989868165,"y":-2.1624317169189455,"z":9.181405067443848},"rotation":{"x":0.0139651233330369,"y":-0.9517543911933899,"z":0.3036244809627533,"w":0.043729834258556369},"size":8.173818588256836,"orthographic":false}