{"cameraMode":{"drawMode":0,"name":"Shaded","section":"Shading Mode"},"sceneLighting":true,"audioPlay":false,"sceneViewState":{"showFog":true,"showMaterialUpdate":false,"showSkybox":true,"showFlares":true,"showImageEffects":true,"showParticleSystems":true},"in2DMode":false,"pivot":{"x":18.10297966003418,"y":4.382253646850586,"z":-12.927833557128907},"rotation":{"x":0.021540330722928048,"y":0.9761836528778076,"z":-0.11454521119594574,"w":0.18336214125156403},"size":8.944220542907715,"orthographic":false}